"","modelID","generation","target_precision","target_accuracy","target_recall","target_F1","threshold"
"1","G2-1-long","G2",0.0114561406416815,0.854078505763899,0.515873015873016,0.0223999491866487,0.2
"2","G2-1-long","G2",0.0361468562017327,0.958631256384065,0.436507936507937,0.0665768989588172,0.3
"3","G2-1-long","G2",0.13561191626409,0.987110268009144,0.341269841269841,0.176053117479263,0.4
"4","G2-1-long","G2",0.20735632183908,0.992363441801644,0.285714285714286,0.212546891212387,0.5
"5","G2-1-long","G2",0.301489767255217,0.99438202247191,0.246031746031746,0.232690685376844,0.6
"6","G2-1-long","G2",0.320707070707071,0.995403472931563,0.198412698412698,0.21926254778641,0.7
